netID,score
aggressive,13657.89742623642
bribable,11305.0
coalitionqaz123,100.06096500000068
longest,21916.465557518284
qaz123,28992.872651283156
